<?xml version="1.0" encoding="UTF-8"?><?xml-stylesheet type='text/xsl' href='_UpgradeReport_Files/UpgradeReport.xslt'?><UpgradeLog>
<Properties><Property Name="Solution" Value="CG_skel">
</Property><Property Name="Solution File" Value="C:\Users\Ofir\Desktop\CG_skel\CG_skel.sln">
</Property><Property Name="Date" Value="Thursday, October 25, 2012">
</Property><Property Name="Time" Value="10:15 AM">
</Property></Properties><Event ErrorLevel="0" Project="glew" Source="glew\glew.vcproj" Description="Converting project file 'C:\Users\Ofir\Desktop\CG_skel\glew\glew.vcproj'.">
</Event><Event ErrorLevel="1" Project="glew" Source="glew\glew.vcproj" Description="VCWebServiceProxyGeneratorTool is no longer supported. The tool has been removed from your project settings.">
</Event><Event ErrorLevel="1" Project="glew" Source="glew\glew.vcproj" Description="MSB8012: $(TargetPath) ('C:\Users\Ofir\Desktop\CG_skel\Debug\glew.lib') does not match the Librarian's OutputFile property value 'lib\glew.lib' ('C:\Users\Ofir\Desktop\CG_skel\lib\glew.lib') in project configuration 'Debug|Win32'. This may cause your project to build incorrectly. To correct this, please make sure that $(TargetPath) property value matches the value specified in %(Lib.OutputFile).">
</Event><Event ErrorLevel="1" Project="glew" Source="glew\glew.vcproj" Description="MSB8012: $(TargetPath) ('C:\Users\Ofir\Desktop\CG_skel\Release\glew.lib') does not match the Librarian's OutputFile property value 'lib\glew.lib' ('C:\Users\Ofir\Desktop\CG_skel\lib\glew.lib') in project configuration 'Release|Win32'. This may cause your project to build incorrectly. To correct this, please make sure that $(TargetPath) property value matches the value specified in %(Lib.OutputFile).">
</Event><Event ErrorLevel="0" Project="glew" Source="glew\glew.vcproj" Description="Done converting to new project file 'C:\Users\Ofir\Desktop\CG_skel\glew\glew.vcxproj'.">
</Event><Event ErrorLevel="3" Project="glew" Source="glew\glew.vcproj" Description="Converted">
</Event><Event ErrorLevel="0" Project="freeglut" Source="freeglut\freeglut.vcproj" Description="Converting project file 'C:\Users\Ofir\Desktop\CG_skel\freeglut\freeglut.vcproj'.">
</Event><Event ErrorLevel="1" Project="freeglut" Source="freeglut\freeglut.vcproj" Description="VCWebServiceProxyGeneratorTool is no longer supported. The tool has been removed from your project settings.">
</Event><Event ErrorLevel="1" Project="freeglut" Source="freeglut\freeglut.vcproj" Description="MSB8012: $(TargetName) ('freeglut') does not match the Librarian's OutputFile property value 'lib\freeglut_static.lib' ('freeglut_static') in project configuration 'Debug|Win32'. This may cause your project to build incorrectly. To correct this, please make sure that $(TargetName) property value matches the value specified in %(Lib.OutputFile).">
</Event><Event ErrorLevel="1" Project="freeglut" Source="freeglut\freeglut.vcproj" Description="MSB8012: $(TargetPath) ('C:\Users\Ofir\Desktop\CG_skel\Debug\freeglut.lib') does not match the Librarian's OutputFile property value 'lib\freeglut_static.lib' ('C:\Users\Ofir\Desktop\CG_skel\lib\freeglut_static.lib') in project configuration 'Debug|Win32'. This may cause your project to build incorrectly. To correct this, please make sure that $(TargetPath) property value matches the value specified in %(Lib.OutputFile).">
</Event><Event ErrorLevel="1" Project="freeglut" Source="freeglut\freeglut.vcproj" Description="MSB8012: $(TargetName) ('freeglut') does not match the Librarian's OutputFile property value 'lib\freeglut_static.lib' ('freeglut_static') in project configuration 'Release|Win32'. This may cause your project to build incorrectly. To correct this, please make sure that $(TargetName) property value matches the value specified in %(Lib.OutputFile).">
</Event><Event ErrorLevel="1" Project="freeglut" Source="freeglut\freeglut.vcproj" Description="MSB8012: $(TargetPath) ('C:\Users\Ofir\Desktop\CG_skel\Release\freeglut.lib') does not match the Librarian's OutputFile property value 'lib\freeglut_static.lib' ('C:\Users\Ofir\Desktop\CG_skel\lib\freeglut_static.lib') in project configuration 'Release|Win32'. This may cause your project to build incorrectly. To correct this, please make sure that $(TargetPath) property value matches the value specified in %(Lib.OutputFile).">
</Event><Event ErrorLevel="0" Project="freeglut" Source="freeglut\freeglut.vcproj" Description="Done converting to new project file 'C:\Users\Ofir\Desktop\CG_skel\freeglut\freeglut.vcxproj'.">
</Event><Event ErrorLevel="3" Project="freeglut" Source="freeglut\freeglut.vcproj" Description="Converted">
</Event><Event ErrorLevel="0" Project="CG_skel_w_MFC" Source="CG_skel_w_MFC\CG_skel_w_MFC.vcproj" Description="Converting project file 'C:\Users\Ofir\Desktop\CG_skel\CG_skel_w_MFC\CG_skel_w_MFC.vcproj'.">
</Event><Event ErrorLevel="1" Project="CG_skel_w_MFC" Source="CG_skel_w_MFC\CG_skel_w_MFC.vcproj" Description="VCWebServiceProxyGeneratorTool is no longer supported. The tool has been removed from your project settings.">
</Event><Event ErrorLevel="0" Project="CG_skel_w_MFC" Source="CG_skel_w_MFC\CG_skel_w_MFC.vcproj" Description="Done converting to new project file 'C:\Users\Ofir\Desktop\CG_skel\CG_skel_w_MFC\CG_skel_w_MFC.vcxproj'.">
</Event><Event ErrorLevel="3" Project="CG_skel_w_MFC" Source="CG_skel_w_MFC\CG_skel_w_MFC.vcproj" Description="Converted">
</Event><Event ErrorLevel="0" Project="" Source="CG_skel.sln" Description="Solution converted successfully">
</Event><Event ErrorLevel="3" Project="" Source="CG_skel.sln" Description="Converted">
</Event></UpgradeLog>